imdbID,imdbID2
tt0416449,tt1253863
tt0322259,tt0463985
tt1232829,tt2294449
tt0289043,tt0463854
tt0090264,tt0093428
tt0078748,tt0090605
tt0370263,tt0758730
tt0103644,tt0118583
tt0090605,tt0103644
tt0952640,tt1231580
tt1615918,tt2974918
tt1231580,tt1615918
tt0163651,tt0252866
tt0252866,tt0328828
tt0328828,tt1605630
tt0118615,tt0366174
tt0118655,tt0145660
tt0145660,tt0295178
tt2395427,tt4154756
tt4154756,tt4154796
tt0088763,tt0096874
tt0096874,tt0099088
tt0096895,tt0103776
tt0118688,tt0372784
tt0372784,tt0468569
tt0112462,tt0118688
tt0103776,tt0106364
tt0106364,tt0112462
tt0069768,tt0133152
tt0118689,tt0453451
tt0065462,tt0067065
tt0208003,tt0421729
tt0421729,tt1464174
tt0120611,tt0187738
tt0187738,tt0359013
tt0229260,tt1540011
tt0317198,tt1473832
tt0243155,tt0317198
tt0315327,tt0413099
tt0458339,tt1843866
tt1843866,tt3498820
tt0317219,tt1216475
tt1216475,tt3606752
tt0381061,tt0830515
tt0160127,tt0305357
tt0305357,tt5033998
tt0349205,tt0452598
tt0068408,tt0069768
tt0479884,tt1121931
tt2103281,tt3450958
tt1323594,tt1690953
tt1690953,tt3469046
tt0066995,tt0070328
tt0246460,tt0381061
tt0095016,tt0099423
tt0099423,tt0112864
tt0112864,tt0337978
tt0118998,tt0240462
tt0055928,tt0057076
tt0109686,tt0329028
tt0329028,tt2096672
tt0127536,tt0414055
tt0067065,tt0068408
tt0076009,tt0099528
tt0204313,tt0449086
tt0486576,tt1502712
tt0120667,tt0486576
tt1013752,tt1596343
tt1905041,tt2820852
tt1596343,tt1905041
tt0195714,tt0309593
tt0309593,tt0414982
tt0414982,tt1144884
tt0082398,tt0086034
tt0106965,tt0113114
tt0113114,tt0119152
tt0057076,tt0058150
tt2820852,tt4630562
tt1046173,tt1583421
tt0356634,tt0455499
tt0259324,tt1071875
tt0113189,tt0120347
tt0058150,tt0059800
tt0212985,tt0289765
tt0366548,tt1402488
tt0481536,tt1268799
tt0366551,tt0481536
tt0295297,tt0304141
tt0926084,tt1201607
tt0330373,tt0373889
tt0417741,tt0926084
tt0373889,tt0417741
tt0304141,tt0330373
tt0241527,tt0295297
tt0167190,tt0411477
tt0411477,tt2274648
tt0099785,tt0104431
tt0104431,tt0119303
tt0450278,tt0498353
tt0892769,tt1646971
tt1646971,tt2386490
tt0286716,tt0800080
tt0119345,tt0130018
tt0268380,tt0438097
tt1667889,tt3416828
tt1080016,tt1667889
tt0438097,tt1080016
tt0097576,tt0367882
tt0087469,tt0097576
tt0371746,tt1228705
tt1228705,tt1300854
tt0493430,tt1116184
tt0322802,tt0493430
tt0373051,tt1397514
tt0107290,tt0119567
tt1250777,tt1650554
tt0266697,tt0378194
tt0441773,tt1302011
tt1302011,tt2267968
tt0325703,tt1365519
tt0146316,tt0325703
tt0099994,tt0110978
tt0250494,tt0333780
tt0333780,tt1015999
tt0097742,tt0113189
tt0070328,tt0071807
tt0337978,tt1606378
tt0351283,tt0479952
tt0479952,tt1277953
tt0119654,tt0120912
tt0120912,tt1409024
tt0212346,tt0385307
tt0117060,tt0120755
tt1458596,tt2381249
tt2381249,tt4912910
tt0120755,tt0317919
tt0317919,tt1458596
tt0198781,tt1453405
tt0079574,tt0082398
tt0117110,tt0158811
tt0158811,tt1204342
tt0368891,tt0465234
tt0477347,tt1078912
tt1078912,tt2692250
tt0240772,tt0349903
tt0496806,tt5164214
tt0349903,tt0496806
tt0086034,tt0090264
tt0064757,tt0066995
tt0785035,tt1653690
tt0368909,tt0785035
tt1179904,tt1536044
tt1536044,tt1778304
tt1778304,tt2109184
tt2109184,tt2473682
tt2473682,tt2473510
tt0046183,tt0280030
tt0449088,tt1298650
tt0383574,tt0449088
tt1298650,tt1790809
tt0325980,tt0383574
tt0134847,tt0296572
tt0063442,tt0065462
tt0133152,tt1318514
tt0093773,tt0100403
tt0100403,tt1424381
tt0830515,tt1074638
tt0082971,tt0087469
tt0289765,tt0367959
tt0120804,tt0318627
tt1220634,tt1855325
tt0318627,tt0432021
tt0432021,tt1220634
tt1855325,tt2592614
tt1318514,tt2103281
tt0120812,tt0266915
tt0266915,tt0293564
tt0387564,tt0432348
tt0432348,tt0489270
tt0489270,tt0890870
tt0890870,tt1132626
tt1132626,tt1233227
tt1233227,tt1477076
tt0175142,tt0257106
tt0257106,tt0306047
tt0306047,tt0362120
tt0362120,tt0795461
tt0267913,tt0331632
tt0117571,tt0120082
tt0120082,tt0134084
tt0134084,tt1262416
tt1000774,tt1261945
tt0184894,tt0300471
tt0988045,tt1515091
tt0126029,tt0298148
tt0298148,tt0413267
tt0413267,tt0892791
tt0384537,tt0938330
tt0401792,tt0458481
tt1074638,tt2379713
tt0111257,tt0120179
tt0145487,tt0316654
tt0316654,tt0413300
tt0413300,tt0948470
tt2250912,tt6320628
tt0227538,tt0287717
tt0287717,tt0338459
tt0338459,tt1517489
tt0796366,tt1408101
tt0111280,tt0117731
tt0084726,tt0088170
tt0088170,tt0092007
tt1408101,tt2660888
tt0092007,tt0098382
tt0098382,tt0102975
tt0102975,tt0111280
tt0117731,tt0120844
tt0120844,tt0253754
tt0253754,tt0796366
tt0079945,tt0084726
tt0120915,tt0121765
tt0121765,tt0121766
tt0121766,tt2488496
tt0076759,tt0080684
tt0080684,tt0086190
tt0086190,tt0120915
tt2488496,tt2527336
tt0462590,tt1023481
tt1023481,tt1193631
tt1193631,tt1800741
tt1800741,tt2626350
tt0164912,tt0243585
tt0078346,tt0081573
tt0081573,tt0086393
tt0086393,tt0094074
tt0094074,tt0348150
tt0348150,tt0770828
tt0103064,tt0181852
tt0181852,tt0438488
tt0438488,tt1340138
tt0110978,tt0324216
tt0948470,tt1872181
tt1872181,tt2250912
tt0848228,tt2395427
tt0185937,tt0229260
tt0258463,tt0372183
tt1194173,tt4196776
tt0372183,tt0440963
tt0440963,tt1194173
tt0499448,tt0980970
tt0363771,tt0499448
tt0296572,tt1411250
tt0382625,tt0808151
tt0468569,tt1345836
tt0070047,tt0076009
tt0099528,tt0204313
tt1320253,tt1764651
tt1764651,tt2333784
tt0232500,tt0322259
tt0463985,tt1013752
tt1144884,tt1622979
tt0109813,tt0158622
tt0068646,tt0071562
tt0071562,tt0099674
tt0082474,tt0087755
tt0391198,tt0433386
tt1119646,tt1411697
tt1411697,tt1951261
tt0454841,tt1182281
tt0903624,tt1170358
tt1170358,tt2310332
tt1392170,tt1951264
tt1951264,tt1951265
tt1951265,tt1951266
tt0061852,tt0283426
tt0283426,tt3040964
tt0087538,tt0091326
tt0091326,tt0097647
tt0097647,tt0110657
tt0093428,tt0097742
tt0120737,tt0167261
tt0167261,tt0167260
tt0119567,tt0163025
tt0071807,tt0076752
tt0110475,tt0362165
tt0120746,tt0386140
tt0133093,tt0234215
tt0234215,tt0242653
tt0120616,tt0209163
tt0209163,tt0859163
tt0104940,tt0117110
tt0079588,tt0082474
tt1204342,tt2281587
tt0087755,tt0104940
tt0110657,tt1155076
tt0117218,tt0144528
tt0383216,tt0838232
tt0247638,tt0368933
tt2184339,tt2975578
tt2975578,tt4094724
tt0298130,tt0377109
tt0102926,tt0212985
tt0403508,tt1018785
tt0472181,tt2017020
tt2017020,tt2398241
tt0345950,tt2279373
tt0076752,tt0079574
tt0088247,tt0103064
tt0072271,tt0092076
tt0324216,tt0420294
tt0092076,tt0099994
tt0420294,tt1572315
tt0293662,tt0388482
tt1324999,tt1673434
tt1325004,tt1324999
tt1259571,tt1325004
tt0190138,tt0327247
tt1430132,tt1877832
tt0143145,tt0246460
tt0800369,tt1981115
tt1981115,tt3501632
tt0059800,tt0062512
tt0120347,tt0143145
tt0114709,tt0120363
tt0120363,tt0435761
tt0435761,tt1979376
tt0418279,tt1055369
tt2109248,tt3371366
tt1399103,tt2109248
tt1055369,tt1399103
tt0388482,tt1129442
tt1129442,tt2938956
tt0084827,tt1104001
tt1099212,tt1259571
tt0320691,tt0401855
tt1496025,tt3717252
tt0401855,tt0834001
tt0834001,tt1496025
tt0120903,tt0290334
tt0458525,tt1270798
tt3385516,tt6565702
tt1877832,tt3385516
tt1270798,tt1430132
tt0376994,tt0458525
tt0290334,tt0376994
tt0295701,tt0329774
tt0329774,tt1293847
tt0062512,tt0064757